"pclass","sex","age","sibsp","parch","fare","cabin","embarked","survived"
"1","f",29,0,0,211,"B","South","surv"
"1","m",0,1,2,151,"C","South","surv"
"1","f",2,1,2,151,"C","South","died"
"1","m",30,1,2,151,"C","South","died"
"1","f",25,1,2,151,"C","South","died"
"1","m",48,0,0,26,"E","South","surv"
"1","f",63,1,0,77,"D","South","surv"
"1","m",39,0,0,0,"A","South","died"
"1","f",53,2,0,51,"C","South","surv"
"1","m",71,0,0,49,"X","Cherb","died"
"1","m",47,1,0,227,"C","Cherb","died"
"1","f",18,1,0,227,"C","Cherb","surv"
"1","f",24,0,0,69,"B","Cherb","surv"
"1","f",26,0,0,78,"X","South","surv"
"1","m",80,0,0,30,"A","South","surv"
"1","m",42,0,0,25,"X","South","died"
"1","m",24,0,1,247,"B","Cherb","died"
"1","f",50,0,1,247,"B","Cherb","surv"
"1","f",32,0,0,76,"D","Cherb","surv"
"1","m",36,0,0,75,"C","Cherb","died"
"1","m",37,1,1,52,"D","South","surv"
"1","f",47,1,1,52,"D","South","surv"
"1","m",26,0,0,30,"C","Cherb","surv"
"1","f",42,0,0,227,"X","Cherb","surv"
"1","f",29,0,0,221,"C","South","surv"
"1","m",25,0,0,26,"X","Cherb","died"
"1","m",25,1,0,91,"B","Cherb","surv"
"1","f",19,1,0,91,"B","Cherb","surv"
"1","f",35,0,0,135,"C","South","surv"
"1","m",28,0,0,26,"C","South","surv"
"1","m",45,0,0,35,"T","South","died"
"1","m",40,0,0,31,"A","Cherb","surv"
"1","f",30,0,0,164,"C","South","surv"
"1","f",58,0,0,26,"C","South","surv"
"1","m",42,0,0,26,"D","South","died"
"1","f",45,0,0,262,"X","Cherb","surv"
"1","f",22,0,1,55,"E","South","surv"
"1","m",61,0,0,26,"X","South","surv"
"1","m",41,0,0,30,"A","South","died"
"1","m",48,0,0,50,"B","Cherb","died"
"1","m",64,0,0,39,"X","Cherb","died"
"1","f",44,0,0,27,"B","Cherb","surv"
"1","f",59,2,0,51,"C","South","surv"
"1","f",60,0,0,76,"D","Cherb","surv"
"1","f",41,0,0,134,"E","Cherb","surv"
"1","m",45,0,0,26,"B","South","died"
"1","m",22,0,0,31,"X","South","died"
"1","m",42,0,0,26,"E","South","surv"
"1","f",53,0,0,27,"X","Cherb","surv"
"1","m",36,0,1,512,"B","Cherb","surv"
"1","f",58,0,1,512,"B","Cherb","surv"
"1","m",33,0,0,5,"B","South","died"
"1","m",28,0,0,47,"X","South","died"
"1","m",17,0,0,47,"X","South","died"
"1","m",11,1,2,120,"B","South","surv"
"1","f",14,1,2,120,"B","South","surv"
"1","m",36,1,2,120,"B","South","surv"
"1","f",36,1,2,120,"B","South","surv"
"1","m",49,0,0,26,"X","South","died"
"1","f",33,0,0,27,"X","Cherb","surv"
"1","m",36,1,0,78,"C","South","died"
"1","f",76,1,0,78,"C","South","surv"
"1","m",46,1,0,61,"E","South","died"
"1","f",47,1,0,61,"E","South","surv"
"1","m",27,1,0,53,"E","South","surv"
"1","f",33,1,0,53,"E","South","surv"
"1","f",36,0,0,262,"B","Cherb","surv"
"1","f",30,0,0,86,"B","South","surv"
"1","m",45,0,0,29,"A","Cherb","surv"
"1","f",39,0,1,55,"E","South","surv"
"1","m",45,0,0,0,"X","South","died"
"1","m",27,1,0,136,"C","Cherb","died"
"1","f",26,1,0,136,"C","Cherb","surv"
"1","f",22,0,0,151,"X","South","surv"
"1","m",36,0,0,52,"A","South","died"
"1","m",47,0,0,25,"E","South","died"
"1","f",39,1,1,83,"E","Cherb","surv"
"1","m",37,1,1,83,"E","Cherb","died"
"1","f",64,0,2,83,"E","Cherb","surv"
"1","f",55,2,0,25,"C","South","surv"
"1","m",23,0,0,26,"X","South","died"
"1","m",70,1,1,71,"B","South","died"
"1","f",36,0,2,71,"B","South","surv"
"1","f",64,1,1,26,"B","South","surv"
"1","m",39,1,0,71,"C","Cherb","died"
"1","f",38,1,0,71,"C","Cherb","surv"
"1","m",51,0,0,26,"E","South","surv"
"1","m",27,0,0,30,"X","South","surv"
"1","f",33,0,0,151,"X","South","surv"
"1","m",31,1,0,52,"B","South","died"
"1","f",27,1,2,52,"B","South","surv"
"1","m",31,1,0,57,"B","South","surv"
"1","f",17,1,0,57,"B","South","surv"
"1","m",53,1,1,81,"A","South","surv"
"1","m",4,0,2,81,"A","South","surv"
"1","f",54,1,1,81,"A","South","surv"
"1","m",50,1,0,106,"C","Cherb","died"
"1","f",27,1,1,247,"B","Cherb","surv"
"1","f",48,1,0,106,"C","Cherb","surv"
"1","f",48,1,0,39,"A","Cherb","surv"
"1","m",49,1,0,56,"A","Cherb","surv"
"1","m",39,0,0,29,"A","Cherb","died"
"1","f",23,0,1,83,"C","Cherb","surv"
"1","f",38,0,0,227,"C","Cherb","surv"
"1","f",54,1,0,78,"D","Cherb","surv"
"1","f",36,0,0,31,"A","Cherb","died"
"1","m",58,0,0,221,"C","South","died"
"1","f",51,0,0,31,"X","South","surv"
"1","f",35,0,0,110,"X","Cherb","surv"
"1","m",36,0,0,26,"E","South","surv"
"1","m",30,0,0,27,"C","Cherb","died"
"1","f",24,3,2,263,"C","South","surv"
"1","f",28,3,2,263,"C","South","surv"
"1","f",23,3,2,263,"C","South","surv"
"1","m",19,3,2,263,"C","South","died"
"1","m",64,1,4,263,"C","South","died"
"1","f",60,1,4,263,"C","South","surv"
"1","f",30,0,0,56,"E","Cherb","surv"
"1","m",28,0,0,26,"D","South","died"
"1","m",50,2,0,133,"X","South","surv"
"1","m",43,1,0,27,"D","Cherb","surv"
"1","f",24,1,0,133,"X","South","surv"
"1","f",22,0,2,49,"B","Cherb","surv"
"1","m",60,1,1,79,"B","Cherb","surv"
"1","f",48,1,1,79,"B","Cherb","surv"
"1","m",19,0,0,0,"B","South","died"
"1","m",37,1,0,53,"C","South","died"
"1","f",35,1,0,53,"C","South","surv"
"1","m",47,0,0,38,"E","South","died"
"1","f",35,0,0,211,"C","Cherb","surv"
"1","f",22,0,1,59,"X","Cherb","surv"
"1","f",45,0,1,59,"X","Cherb","surv"
"1","m",24,0,0,79,"B","Cherb","died"
"1","m",49,1,0,89,"C","Cherb","surv"
"1","f",58,1,0,89,"C","Cherb","surv"
"1","m",71,0,0,34,"A","Cherb","died"
"1","m",53,0,0,28,"C","Cherb","surv"
"1","f",19,0,0,30,"B","South","surv"
"1","m",38,0,1,153,"C","South","died"
"1","f",58,0,1,153,"C","South","surv"
"1","m",23,0,1,63,"D","Cherb","surv"
"1","f",45,0,1,63,"D","Cherb","surv"
"1","m",46,0,0,79,"B","Cherb","died"
"1","m",25,1,0,55,"E","Cherb","surv"
"1","f",25,1,0,55,"E","Cherb","surv"
"1","m",48,1,0,76,"D","Cherb","surv"
"1","f",49,1,0,76,"D","Cherb","surv"
"1","m",25,0,0,42,"X","South","died"
"1","m",45,1,0,83,"C","South","died"
"1","f",35,1,0,83,"C","South","surv"
"1","m",40,0,0,0,"B","South","died"
"1","m",27,0,0,76,"D","Cherb","surv"
"1","m",21,0,0,30,"D","South","surv"
"1","f",24,0,0,83,"C","Cherb","surv"
"1","m",55,1,1,93,"B","South","died"
"1","f",52,1,1,93,"B","South","surv"
"1","m",42,0,0,42,"B","South","died"
"1","m",37,0,0,51,"E","South","died"
"1","m",55,0,0,50,"C","South","died"
"1","f",16,0,1,57,"B","Cherb","surv"
"1","f",44,0,1,57,"B","Cherb","surv"
"1","f",51,1,0,77,"D","South","surv"
"1","m",42,1,0,52,"X","South","died"
"1","f",35,1,0,52,"X","South","surv"
"1","m",35,0,0,26,"X","Cherb","surv"
"1","m",38,1,0,90,"C","South","surv"
"1","m",44,0,0,30,"X","Cherb","died"
"1","f",35,1,0,90,"C","South","surv"
"1","f",38,0,0,80,"B","Unknown","surv"
"1","f",50,0,0,28,"C","Cherb","died"
"1","m",49,0,0,0,"B","South","surv"
"1","m",46,0,0,26,"X","South","died"
"1","m",50,0,0,26,"E","South","died"
"1","m",32,0,0,211,"C","Cherb","died"
"1","m",58,0,0,29,"B","Cherb","died"
"1","m",41,1,0,51,"D","South","died"
"1","f",49,1,0,51,"D","South","surv"
"1","m",42,1,0,52,"D","South","surv"
"1","f",45,1,0,52,"D","South","surv"
"1","m",51,0,0,26,"C","South","died"
"1","f",39,0,0,211,"X","South","surv"
"1","f",49,0,0,25,"D","South","surv"
"1","f",30,0,0,106,"X","Cherb","surv"
"1","m",35,0,0,512,"B","Cherb","surv"
"1","m",64,0,0,27,"X","Cherb","died"
"1","m",42,0,0,26,"X","South","died"
"1","f",55,0,0,27,"X","Cherb","surv"
"1","f",16,0,1,39,"D","South","surv"
"1","f",51,0,1,39,"D","South","surv"
"1","m",29,0,0,30,"D","South","died"
"1","f",21,0,0,77,"D","South","surv"
"1","m",30,0,0,45,"X","South","died"
"1","f",58,0,0,146,"B","Cherb","surv"
"1","f",15,0,1,211,"B","South","surv"
"1","m",30,0,0,26,"C","South","died"
"1","f",16,0,0,86,"B","South","surv"
"1","m",35,0,0,29,"C","Cherb","surv"
"1","m",19,1,0,53,"D","South","died"
"1","f",18,1,0,53,"D","South","surv"
"1","f",24,0,0,49,"C","Cherb","surv"
"1","m",46,0,0,75,"C","Cherb","died"
"1","m",54,0,0,51,"E","South","died"
"1","m",36,0,0,26,"E","South","surv"
"1","m",28,1,0,82,"X","Cherb","died"
"1","f",53,1,0,82,"X","Cherb","surv"
"1","m",65,0,0,26,"E","South","died"
"1","m",44,2,0,90,"C","Queens","died"
"1","f",33,1,0,90,"C","Queens","surv"
"1","f",37,1,0,90,"C","Queens","surv"
"1","m",30,1,0,57,"C","Cherb","surv"
"1","m",55,0,0,30,"C","South","died"
"1","m",47,0,0,42,"X","South","died"
"1","m",37,0,1,29,"C","Cherb","died"
"1","f",31,1,0,113,"D","Cherb","surv"
"1","f",23,1,0,113,"D","Cherb","surv"
"1","m",58,0,2,113,"D","Cherb","died"
"1","f",19,0,2,26,"D","South","surv"
"1","m",64,0,0,26,"X","South","died"
"1","f",39,0,0,108,"C","Cherb","surv"
"1","m",44,0,0,25,"X","Cherb","surv"
"1","f",22,0,1,61,"B","Cherb","surv"
"1","m",65,0,1,61,"B","Cherb","died"
"1","m",28,0,0,27,"D","Cherb","died"
"1","m",33,0,0,0,"X","South","died"
"1","m",45,0,0,28,"C","South","died"
"1","m",23,0,0,93,"B","South","died"
"1","m",29,1,0,66,"C","South","died"
"1","f",22,1,0,66,"C","South","surv"
"1","m",18,1,0,108,"C","Cherb","died"
"1","f",17,1,0,108,"C","Cherb","surv"
"1","f",30,0,0,93,"B","South","surv"
"1","m",52,0,0,30,"C","South","surv"
"1","m",47,0,0,52,"C","South","died"
"1","f",56,0,1,83,"C","Cherb","surv"
"1","m",38,0,0,0,"X","South","died"
"1","m",26,0,0,39,"X","South","surv"
"1","m",22,0,0,135,"X","Cherb","died"
"1","m",19,0,0,227,"X","Cherb","died"
"1","f",43,0,1,211,"B","South","surv"
"1","m",31,0,0,50,"A","South","died"
"1","m",45,0,0,26,"X","South","surv"
"1","m",36,0,0,50,"A","South","died"
"1","f",33,0,0,27,"A","Cherb","surv"
"1","m",46,0,0,79,"X","Cherb","died"
"1","m",36,0,0,40,"A","Cherb","died"
"1","f",33,0,0,86,"B","South","surv"
"1","m",55,1,0,59,"X","Cherb","died"
"1","f",54,1,0,59,"X","Cherb","surv"
"1","m",33,0,0,26,"X","South","died"
"1","m",13,2,2,262,"B","Cherb","surv"
"1","f",18,2,2,262,"B","Cherb","surv"
"1","f",21,2,2,262,"B","Cherb","surv"
"1","m",61,1,3,262,"B","Cherb","died"
"1","f",48,1,3,262,"B","Cherb","surv"
"1","m",33,0,0,30,"C","South","surv"
"1","f",24,0,0,69,"B","Cherb","surv"
"1","m",61,0,0,26,"X","South","surv"
"1","f",35,1,0,57,"C","Cherb","surv"
"1","f",30,0,0,31,"X","Cherb","surv"
"1","m",34,0,0,26,"X","South","surv"
"1","f",40,0,0,153,"C","South","surv"
"1","m",35,0,0,26,"E","South","surv"
"1","m",50,1,0,55,"E","South","died"
"1","f",39,1,0,55,"E","South","surv"
"1","m",56,0,0,35,"A","Cherb","surv"
"1","m",28,0,0,35,"A","South","surv"
"1","m",56,0,0,26,"X","South","died"
"1","m",56,0,0,30,"A","Cherb","died"
"1","m",24,1,0,60,"C","South","died"
"1","m",71,0,0,26,"A","South","died"
"1","f",18,1,0,60,"C","South","surv"
"1","m",24,1,0,82,"B","South","surv"
"1","f",23,1,0,82,"B","South","surv"
"1","m",6,0,2,134,"E","Cherb","surv"
"1","m",45,1,1,134,"E","Cherb","surv"
"1","f",40,1,1,134,"E","Cherb","surv"
"1","m",57,1,0,146,"B","Cherb","died"
"1","f",39,1,0,146,"B","Cherb","surv"
"1","m",32,0,0,30,"B","Cherb","surv"
"1","m",62,0,0,26,"C","South","died"
"1","m",54,1,0,55,"C","Cherb","surv"
"1","f",43,1,0,55,"C","Cherb","surv"
"1","f",52,1,0,78,"D","Cherb","surv"
"1","m",64,0,0,27,"X","Cherb","died"
"1","f",62,0,0,80,"B","Unknown","surv"
"1","m",67,1,0,221,"C","South","died"
"1","f",63,1,0,221,"C","South","died"
"1","m",61,0,0,32,"D","South","died"
"1","f",48,0,0,25,"D","South","surv"
"1","f",18,0,2,79,"E","South","surv"
"1","m",52,1,1,79,"E","South","died"
"1","f",39,1,1,79,"E","South","surv"
"1","m",48,1,0,52,"C","South","surv"
"1","f",45,1,0,52,"C","South","surv"
"1","m",49,1,1,110,"C","Cherb","died"
"1","m",17,0,2,110,"C","Cherb","surv"
"1","f",39,1,1,110,"C","Cherb","surv"
"1","f",31,0,0,79,"X","Cherb","surv"
"1","m",31,0,0,28,"C","Cherb","surv"
"1","m",40,0,0,27,"X","Cherb","died"
"1","m",61,0,0,33,"B","South","died"
"1","m",47,0,0,34,"D","South","died"
"1","f",35,0,0,512,"X","Cherb","surv"
"1","m",64,1,0,75,"D","Cherb","died"
"1","f",60,1,0,75,"D","Cherb","surv"
"1","m",60,0,0,26,"X","South","died"
"1","m",54,0,1,77,"D","South","died"
"1","m",21,0,1,77,"D","South","died"
"1","f",55,0,0,135,"C","Cherb","surv"
"1","f",31,0,2,164,"C","South","surv"
"1","m",57,1,1,164,"X","South","died"
"1","f",45,1,1,164,"X","South","surv"
"1","m",50,1,1,211,"C","Cherb","died"
"1","m",27,0,2,211,"C","Cherb","died"
"1","f",50,1,1,211,"C","Cherb","surv"
"1","f",21,0,0,26,"X","South","surv"
"1","m",51,0,1,61,"X","Cherb","died"
"1","m",21,0,1,61,"X","Cherb","surv"
"1","m",16,0,0,35,"C","South","died"
"1","f",31,0,0,134,"E","Cherb","surv"
"1","m",33,0,0,35,"C","South","surv"
"1","m",62,0,0,26,"X","South","died"
"1","f",36,0,0,135,"C","Cherb","surv"
"2","m",30,1,0,24,"X","Cherb","died"
"2","f",28,1,0,24,"X","Cherb","surv"
"2","m",30,0,0,13,"X","South","died"
"2","m",18,0,0,11,"X","South","died"
"2","m",25,0,0,10,"X","South","died"
"2","m",34,1,0,26,"X","South","died"
"2","f",36,1,0,26,"X","South","surv"
"2","m",57,0,0,13,"X","South","died"
"2","m",18,0,0,11,"X","South","died"
"2","m",23,0,0,10,"X","South","died"
"2","f",36,0,0,13,"D","South","surv"
"2","m",28,0,0,10,"X","South","died"
"2","m",51,0,0,12,"X","South","died"
"2","m",32,1,0,26,"X","South","surv"
"2","f",19,1,0,26,"X","South","surv"
"2","m",28,0,0,26,"X","South","died"
"2","m",1,2,1,39,"F","South","surv"
"2","f",4,2,1,39,"F","South","surv"
"2","f",12,2,1,39,"F","South","surv"
"2","f",36,0,3,39,"F","South","surv"
"2","m",34,0,0,13,"D","South","surv"
"2","f",19,0,0,13,"X","South","surv"
"2","m",23,0,0,13,"X","South","died"
"2","m",26,0,0,13,"X","South","died"
"2","m",42,0,0,13,"X","South","died"
"2","m",27,0,0,13,"X","South","died"
"2","f",24,0,0,13,"F","South","surv"
"2","f",15,0,2,39,"X","South","surv"
"2","m",60,1,1,39,"X","South","died"
"2","f",40,1,1,39,"X","South","surv"
"2","f",20,1,0,26,"X","South","surv"
"2","m",25,1,0,26,"X","South","died"
"2","f",36,0,0,13,"X","South","surv"
"2","m",25,0,0,13,"X","South","died"
"2","m",42,0,0,13,"X","South","died"
"2","f",42,0,0,13,"X","South","surv"
"2","m",0,0,2,29,"X","South","surv"
"2","m",26,1,1,29,"X","South","surv"
"2","f",22,1,1,29,"X","South","surv"
"2","f",35,0,0,21,"X","South","surv"
"2","m",43,0,0,0,"X","South","died"
"2","m",19,0,0,13,"X","South","died"
"2","f",44,1,0,26,"X","South","died"
"2","m",54,1,0,26,"X","South","died"
"2","m",52,0,0,13,"X","South","died"
"2","m",37,1,0,26,"X","South","died"
"2","f",29,1,0,26,"X","South","died"
"2","f",25,1,1,30,"X","South","surv"
"2","f",45,0,2,30,"X","South","surv"
"2","m",29,1,0,26,"X","South","died"
"2","f",28,1,0,26,"X","South","surv"
"2","m",29,0,0,10,"X","South","died"
"2","m",28,0,0,13,"X","South","died"
"2","m",24,0,0,10,"X","South","surv"
"2","f",8,0,2,26,"X","South","surv"
"2","m",31,1,1,26,"X","South","died"
"2","f",31,1,1,26,"X","South","surv"
"2","f",22,0,0,10,"F","South","surv"
"2","f",30,0,0,13,"X","South","died"
"2","f",13,0,0,21,"X","South","died"
"2","m",21,0,0,11,"X","South","died"
"2","m",36,0,0,0,"X","South","died"
"2","m",8,1,1,36,"X","South","surv"
"2","m",18,0,0,73,"X","South","died"
"2","f",48,0,2,36,"X","South","surv"
"2","f",28,0,0,13,"X","South","surv"
"2","m",32,0,0,13,"X","South","died"
"2","m",17,0,0,73,"X","South","died"
"2","m",29,1,0,27,"X","Cherb","died"
"2","f",24,1,0,27,"X","Cherb","surv"
"2","m",25,0,0,31,"X","South","died"
"2","m",18,0,0,73,"X","South","died"
"2","f",18,0,1,23,"X","South","surv"
"2","f",34,0,1,23,"X","South","surv"
"2","m",54,0,0,26,"X","South","died"
"2","m",8,0,2,32,"X","South","surv"
"2","m",42,1,1,32,"X","South","died"
"2","f",34,1,1,32,"X","South","surv"
"2","f",27,1,0,13,"X","Cherb","surv"
"2","f",30,1,0,13,"X","Cherb","surv"
"2","m",23,0,0,13,"X","South","died"
"2","m",21,0,0,13,"X","South","died"
"2","m",18,0,0,13,"X","South","died"
"2","m",40,1,0,26,"X","South","died"
"2","f",29,1,0,26,"X","South","surv"
"2","m",18,0,0,10,"X","South","died"
"2","m",36,0,0,13,"X","South","died"
"2","m",43,0,0,0,"X","South","died"
"2","f",38,0,0,13,"X","South","died"
"2","m",35,0,0,26,"X","South","died"
"2","m",38,1,0,21,"X","South","died"
"2","m",34,1,0,21,"X","South","died"
"2","f",34,0,0,13,"X","South","surv"
"2","m",16,0,0,26,"X","South","died"
"2","m",26,0,0,10,"X","South","died"
"2","m",47,0,0,10,"X","South","died"
"2","m",21,1,0,11,"X","South","died"
"2","m",21,1,0,11,"X","South","died"
"2","m",24,0,0,13,"X","South","died"
"2","m",24,0,0,13,"X","South","died"
"2","m",34,0,0,13,"X","South","died"
"2","m",30,0,0,13,"X","South","died"
"2","m",52,0,0,13,"X","South","died"
"2","m",30,0,0,13,"X","South","died"
"2","m",0,1,1,14,"X","South","surv"
"2","f",24,0,2,14,"X","South","surv"
"2","m",44,0,0,13,"X","South","died"
"2","f",6,0,1,33,"X","South","surv"
"2","m",28,0,1,33,"X","South","died"
"2","m",62,0,0,10,"X","South","surv"
"2","m",30,0,0,10,"X","South","died"
"2","f",7,0,2,26,"X","South","surv"
"2","m",43,1,1,26,"X","South","died"
"2","f",45,1,1,26,"X","South","surv"
"2","f",24,1,2,65,"X","South","surv"
"2","f",24,1,2,65,"X","South","surv"
"2","m",49,1,2,65,"X","South","died"
"2","f",48,1,2,65,"X","South","surv"
"2","f",55,0,0,16,"X","South","surv"
"2","m",24,2,0,73,"X","South","died"
"2","m",32,2,0,73,"X","South","died"
"2","m",21,2,0,73,"X","South","died"
"2","f",18,1,1,13,"X","South","died"
"2","f",20,2,1,23,"X","South","surv"
"2","m",23,2,1,11,"X","South","died"
"2","m",36,0,0,13,"X","South","died"
"2","f",54,1,3,23,"X","South","surv"
"2","m",50,0,0,13,"X","South","died"
"2","m",44,1,0,26,"X","South","died"
"2","f",29,1,0,26,"X","South","surv"
"2","m",21,0,0,73,"X","South","died"
"2","m",42,0,0,13,"X","South","surv"
"2","m",63,1,0,26,"X","South","died"
"2","f",60,1,0,26,"X","South","died"
"2","m",33,0,0,12,"X","South","died"
"2","f",17,0,0,10,"X","South","surv"
"2","m",42,1,0,27,"X","South","died"
"2","f",24,2,1,27,"X","South","surv"
"2","m",47,0,0,15,"X","South","died"
"2","m",24,2,0,31,"X","South","died"
"2","m",22,2,0,31,"X","South","died"
"2","m",32,0,0,10,"X","South","died"
"2","f",23,0,0,13,"D","Cherb","surv"
"2","m",34,1,0,26,"X","South","died"
"2","f",24,1,0,26,"X","South","surv"
"2","f",22,0,0,21,"X","South","died"
"2","f",57,0,0,12,"E","Queens","surv"
"2","m",35,0,0,12,"X","Queens","died"
"2","f",45,0,0,13,"X","South","surv"
"2","m",57,0,0,12,"X","Queens","died"
"2","m",43,0,0,0,"X","South","died"
"2","m",31,0,0,10,"X","South","died"
"2","f",26,1,1,26,"X","South","died"
"2","m",30,1,1,26,"X","South","died"
"2","m",29,0,0,10,"X","Queens","died"
"2","f",1,1,2,41,"X","Cherb","surv"
"2","f",3,1,2,41,"X","Cherb","surv"
"2","m",25,1,2,41,"X","Cherb","died"
"2","f",22,1,2,41,"X","Cherb","surv"
"2","f",17,0,0,12,"X","Cherb","surv"
"2","f",13,0,0,33,"X","South","surv"
"2","f",34,0,0,10,"F","South","surv"
"2","m",36,0,0,12,"D","Cherb","died"
"2","m",24,0,0,10,"X","South","died"
"2","m",61,0,0,12,"X","Queens","died"
"2","m",50,1,0,26,"X","South","died"
"2","f",42,1,0,26,"X","South","surv"
"2","f",57,0,0,10,"E","South","died"
"2","m",43,0,0,15,"D","Cherb","died"
"2","m",1,0,2,37,"X","Cherb","surv"
"2","m",31,1,1,37,"X","Cherb","died"
"2","f",24,1,1,37,"X","Cherb","surv"
"2","m",40,0,0,15,"X","Cherb","died"
"2","m",30,0,0,13,"X","South","died"
"2","m",40,0,0,16,"X","South","died"
"2","m",32,0,0,13,"X","South","died"
"2","m",30,0,0,13,"X","South","died"
"2","m",46,0,0,26,"X","South","died"
"2","f",13,0,1,19,"X","South","surv"
"2","f",41,0,1,19,"X","South","surv"
"2","m",19,0,0,10,"X","South","surv"
"2","m",39,0,0,13,"X","South","died"
"2","m",48,0,0,13,"X","South","died"
"2","m",70,0,0,10,"X","South","died"
"2","m",27,0,0,13,"X","South","died"
"2","m",54,0,0,14,"X","South","died"
"2","m",39,0,0,26,"X","South","died"
"2","m",16,0,0,10,"X","South","died"
"2","m",62,0,0,9,"X","Queens","died"
"2","m",32,1,0,30,"X","Cherb","died"
"2","f",14,1,0,30,"X","Cherb","surv"
"2","m",2,1,1,26,"F","South","surv"
"2","m",3,1,1,26,"F","South","surv"
"2","m",36,0,2,26,"F","South","died"
"2","m",26,0,0,13,"F","South","died"
"2","m",19,1,1,36,"X","South","died"
"2","m",28,0,0,13,"X","South","died"
"2","m",20,0,0,13,"D","Cherb","surv"
"2","f",29,0,0,10,"F","South","surv"
"2","m",39,0,0,13,"X","South","died"
"2","m",22,0,0,10,"X","South","surv"
"2","m",21,0,0,13,"X","Cherb","surv"
"2","m",23,0,0,10,"X","South","died"
"2","m",29,0,0,13,"X","Cherb","surv"
"2","m",28,0,0,10,"X","South","died"
"2","m",28,0,0,0,"X","South","died"
"2","f",50,0,1,26,"X","South","surv"
"2","m",19,0,0,10,"X","South","died"
"2","m",70,0,0,15,"X","Cherb","died"
"2","m",41,0,0,13,"X","South","died"
"2","f",21,0,1,21,"X","South","surv"
"2","f",19,0,0,26,"X","South","surv"
"2","m",43,0,1,21,"X","South","died"
"2","f",32,0,0,13,"X","South","surv"
"2","m",34,0,0,13,"X","South","died"
"2","m",30,0,0,12,"X","Cherb","surv"
"2","m",27,0,0,15,"X","Cherb","died"
"2","f",2,1,1,26,"X","South","surv"
"2","f",8,1,1,26,"X","South","surv"
"2","f",33,0,2,26,"X","South","surv"
"2","m",36,0,0,10,"X","South","died"
"2","m",34,1,0,21,"X","South","died"
"2","f",30,3,0,21,"X","South","surv"
"2","f",28,0,0,13,"X","South","surv"
"2","m",23,0,0,15,"X","Cherb","died"
"2","m",0,1,1,18,"X","South","surv"
"2","m",3,1,1,18,"X","South","surv"
"2","f",24,2,3,18,"X","South","surv"
"2","f",50,0,0,10,"X","South","surv"
"2","m",19,0,0,10,"X","South","died"
"2","f",21,0,0,10,"X","South","surv"
"2","m",26,0,0,13,"X","South","died"
"2","m",25,0,0,13,"X","South","died"
"2","m",27,0,0,26,"X","South","died"
"2","f",25,0,1,26,"X","South","surv"
"2","f",18,0,2,13,"X","South","surv"
"2","f",20,0,0,36,"X","South","surv"
"2","f",30,0,0,13,"X","South","surv"
"2","m",59,0,0,13,"X","South","died"
"2","f",30,0,0,12,"X","Queens","surv"
"2","m",35,0,0,10,"X","South","died"
"2","f",40,0,0,13,"X","South","surv"
"2","m",25,0,0,13,"X","South","died"
"2","m",41,0,0,15,"X","Cherb","died"
"2","m",25,0,0,10,"X","South","died"
"2","m",18,0,0,13,"F","South","died"
"2","m",14,0,0,65,"X","South","died"
"2","f",50,0,0,10,"X","South","surv"
"2","m",23,0,0,13,"X","South","died"
"2","f",28,0,0,12,"X","South","surv"
"2","f",27,0,0,10,"E","South","surv"
"2","m",29,1,0,21,"X","South","died"
"2","f",27,1,0,21,"X","South","died"
"2","m",40,0,0,13,"X","South","died"
"2","f",31,0,0,21,"X","South","surv"
"2","m",30,1,0,21,"X","South","died"
"2","m",23,1,0,10,"X","South","died"
"2","f",31,0,0,21,"X","South","surv"
"2","m",28,0,0,0,"X","South","died"
"2","f",12,0,0,15,"X","South","surv"
"2","f",40,0,0,15,"X","South","surv"
"2","f",32,0,0,13,"E","South","surv"
"2","m",27,1,0,26,"X","South","died"
"2","f",29,1,0,26,"X","South","surv"
"2","m",2,1,1,23,"X","South","surv"
"2","f",4,1,1,23,"X","South","surv"
"2","f",29,0,2,23,"X","South","surv"
"2","f",0,1,2,27,"X","South","surv"
"2","f",5,1,2,27,"X","South","surv"
"2","m",36,1,2,27,"X","South","died"
"2","f",33,1,2,27,"X","South","surv"
"2","m",66,0,0,10,"X","South","died"
"2","m",28,0,0,12,"X","South","died"
"2","m",31,0,0,13,"X","South","surv"
"2","m",28,0,0,13,"X","South","surv"
"2","f",26,0,0,13,"X","South","surv"
"2","f",24,0,0,13,"X","South","died"
"3","m",42,0,0,7,"X","South","died"
"3","m",13,0,2,20,"X","South","died"
"3","m",16,1,1,20,"X","South","died"
"3","f",35,1,1,20,"X","South","surv"
"3","f",16,0,0,7,"X","South","surv"
"3","m",25,0,0,7,"F","South","surv"
"3","m",20,0,0,7,"X","South","surv"
"3","f",18,0,0,7,"X","Cherb","surv"
"3","m",30,0,0,7,"X","South","died"
"3","m",26,0,0,8,"X","South","died"
"3","f",40,1,0,9,"X","South","died"
"3","m",0,0,1,9,"X","South","surv"
"3","f",18,0,1,9,"X","South","surv"
"3","m",26,0,0,18,"X","Cherb","surv"
"3","m",26,0,0,7,"X","South","died"
"3","m",20,0,0,7,"X","South","died"
"3","m",24,0,0,7,"X","South","died"
"3","m",25,0,0,7,"X","South","died"
"3","m",35,0,0,8,"X","South","died"
"3","m",18,0,0,8,"X","South","died"
"3","m",32,0,0,22,"X","South","died"
"3","f",19,1,0,7,"X","South","surv"
"3","m",4,4,2,31,"X","South","died"
"3","f",6,4,2,31,"X","South","died"
"3","f",2,4,2,31,"X","South","died"
"3","f",17,4,2,7,"X","South","surv"
"3","f",38,4,2,7,"X","South","died"
"3","f",9,4,2,31,"X","South","died"
"3","f",11,4,2,31,"X","South","died"
"3","m",39,1,5,31,"X","South","died"
"3","m",27,0,0,7,"X","South","surv"
"3","m",26,0,0,7,"X","South","died"
"3","f",39,1,5,31,"X","South","died"
"3","m",20,0,0,7,"X","South","died"
"3","m",26,0,0,7,"X","South","died"
"3","m",25,1,0,17,"X","South","died"
"3","f",18,1,0,17,"X","South","died"
"3","m",24,0,0,7,"X","South","died"
"3","m",35,0,0,7,"X","South","died"
"3","m",5,4,2,31,"X","South","died"
"3","m",9,4,2,31,"X","South","died"
"3","m",3,4,2,31,"X","South","surv"
"3","m",13,4,2,31,"X","South","died"
"3","f",5,4,2,31,"X","South","surv"
"3","m",40,1,5,31,"X","South","died"
"3","m",23,0,0,7,"X","South","surv"
"3","f",38,1,5,31,"X","South","surv"
"3","f",45,0,0,7,"X","Cherb","surv"
"3","m",21,0,0,7,"X","Cherb","died"
"3","m",23,0,0,7,"X","South","died"
"3","f",17,0,0,14,"X","Cherb","died"
"3","m",30,0,0,7,"X","Cherb","died"
"3","m",23,0,0,7,"X","South","died"
"3","f",13,0,0,7,"X","Cherb","surv"
"3","m",20,0,0,7,"X","Cherb","died"
"3","m",32,1,0,15,"X","South","died"
"3","f",33,3,0,15,"X","South","surv"
"3","f",0,2,1,19,"X","Cherb","surv"
"3","f",0,2,1,19,"X","Cherb","surv"
"3","f",5,2,1,19,"X","Cherb","surv"
"3","f",24,0,3,19,"X","Cherb","surv"
"3","f",18,0,0,8,"X","South","surv"
"3","m",40,0,0,7,"X","Cherb","died"
"3","m",26,0,0,7,"X","South","died"
"3","m",20,0,0,7,"X","Cherb","surv"
"3","f",18,0,1,14,"X","Cherb","died"
"3","f",45,0,1,14,"X","Cherb","died"
"3","f",27,0,0,7,"X","Queens","died"
"3","m",22,0,0,8,"X","South","died"
"3","m",19,0,0,8,"X","South","died"
"3","m",26,0,0,7,"X","South","died"
"3","m",22,0,0,9,"X","South","died"
"3","m",4,0,0,7,"X","Cherb","died"
"3","m",20,0,0,4,"X","Cherb","died"
"3","m",32,0,0,56,"X","South","surv"
"3","m",21,0,0,7,"X","South","died"
"3","m",18,0,0,7,"X","South","died"
"3","m",26,0,0,7,"X","South","died"
"3","m",6,1,1,15,"X","Cherb","died"
"3","f",9,1,1,15,"X","Cherb","died"
"3","m",4,0,0,7,"X","Cherb","died"
"3","f",26,0,2,15,"X","Cherb","died"
"3","f",26,0,2,7,"X","Queens","died"
"3","m",40,1,1,15,"X","Queens","died"
"3","f",32,1,1,15,"X","Queens","died"
"3","m",21,0,0,16,"X","South","died"
"3","f",22,0,0,7,"X","Queens","surv"
"3","f",20,0,0,7,"X","South","died"
"3","m",29,1,0,7,"X","South","died"
"3","m",22,1,0,7,"X","South","died"
"3","m",22,0,0,7,"X","South","died"
"3","m",35,0,0,8,"X","South","died"
"3","f",18,0,0,7,"X","Queens","died"
"3","m",21,0,0,7,"X","Queens","surv"
"3","m",19,0,0,6,"X","Queens","died"
"3","f",18,0,0,7,"X","Queens","died"
"3","f",21,0,0,8,"X","South","died"
"3","f",30,0,0,8,"X","South","died"
"3","m",18,0,0,8,"X","South","died"
"3","m",38,0,0,8,"X","South","died"
"3","m",17,0,0,8,"X","South","died"
"3","m",17,0,0,8,"X","South","died"
"3","f",21,0,0,7,"X","Queens","died"
"3","m",21,0,0,7,"X","Queens","died"
"3","m",21,0,0,8,"X","South","died"
"3","m",29,1,0,14,"X","Cherb","died"
"3","f",40,1,0,14,"X","Cherb","died"
"3","m",28,0,0,7,"X","South","died"
"3","m",24,0,0,7,"X","South","died"
"3","f",16,0,0,7,"X","Queens","surv"
"3","f",37,0,0,7,"X","Queens","died"
"3","m",28,0,0,7,"X","South","died"
"3","m",24,0,0,8,"X","South","died"
"3","m",21,0,0,7,"X","Queens","died"
"3","m",32,0,0,56,"X","South","surv"
"3","m",29,0,0,8,"X","South","died"
"3","m",26,1,0,14,"X","Cherb","died"
"3","m",18,1,0,14,"X","Cherb","died"
"3","m",20,0,0,7,"X","South","died"
"3","m",18,0,0,8,"X","South","surv"
"3","m",24,0,0,7,"X","Queens","died"
"3","m",36,0,0,7,"X","South","died"
"3","m",24,0,0,7,"X","South","died"
"3","m",31,0,0,7,"X","Queens","died"
"3","m",31,0,0,7,"X","Queens","died"
"3","f",22,0,0,7,"X","Queens","surv"
"3","f",30,0,0,7,"X","Queens","died"
"3","m",70,0,0,7,"X","Queens","died"
"3","m",43,0,0,8,"X","South","died"
"3","m",35,0,0,7,"X","South","died"
"3","m",27,0,0,7,"X","South","died"
"3","m",19,0,0,7,"X","South","died"
"3","m",30,0,0,8,"X","South","died"
"3","m",9,1,1,15,"X","South","surv"
"3","m",3,1,1,15,"X","South","surv"
"3","f",36,0,2,15,"X","South","surv"
"3","m",59,0,0,7,"X","South","died"
"3","m",19,0,0,8,"X","South","died"
"3","f",17,0,1,16,"X","South","surv"
"3","m",44,0,1,16,"X","South","died"
"3","m",17,0,0,8,"X","South","died"
"3","m",22,0,0,7,"X","Cherb","died"
"3","m",45,0,0,8,"X","South","surv"
"3","f",22,0,0,10,"X","South","died"
"3","m",19,0,0,10,"X","South","died"
"3","f",30,0,0,6,"X","Queens","surv"
"3","m",29,0,0,7,"X","Queens","surv"
"3","m",0,0,2,14,"X","South","died"
"3","m",34,1,1,14,"X","South","died"
"3","f",28,1,1,14,"X","South","died"
"3","m",27,0,0,7,"X","South","died"
"3","m",25,0,0,7,"X","South","died"
"3","m",24,2,0,24,"X","South","died"
"3","m",22,0,0,8,"X","South","died"
"3","m",21,2,0,24,"X","South","died"
"3","m",17,2,0,8,"X","South","died"
"3","m",36,1,0,16,"X","South","died"
"3","f",34,1,0,16,"X","South","surv"
"3","m",36,1,0,17,"X","South","surv"
"3","f",36,1,0,17,"X","South","surv"
"3","m",30,0,0,9,"X","South","surv"
"3","m",16,0,0,9,"X","South","died"
"3","m",1,1,2,20,"X","South","surv"
"3","f",0,1,2,20,"X","South","surv"
"3","m",26,1,2,20,"X","South","died"
"3","f",33,1,2,20,"X","South","surv"
"3","m",25,0,0,7,"X","South","died"
"3","m",30,0,0,7,"X","South","died"
"3","m",30,0,0,7,"X","South","died"
"3","m",22,0,0,7,"X","South","died"
"3","m",36,0,0,7,"X","South","died"
"3","f",19,0,0,7,"X","Queens","surv"
"3","m",17,0,0,7,"X","South","died"
"3","m",42,0,0,8,"X","South","died"
"3","m",43,0,0,7,"X","South","died"
"3","m",18,0,0,7,"X","Cherb","died"
"3","m",32,0,0,7,"X","Queens","died"
"3","m",19,0,0,8,"X","South","surv"
"3","f",30,0,0,12,"X","South","surv"
"3","f",24,0,0,7,"X","Queens","died"
"3","f",23,0,0,8,"X","South","surv"
"3","m",33,0,0,7,"X","Cherb","died"
"3","m",65,0,0,7,"X","Queens","died"
"3","m",24,0,0,7,"X","South","surv"
"3","m",23,1,0,13,"X","South","died"
"3","f",22,1,0,13,"X","South","surv"
"3","m",18,0,0,7,"X","South","died"
"3","m",16,0,0,7,"X","South","died"
"3","m",45,0,0,6,"X","South","died"
"3","m",2,0,0,7,"X","Cherb","died"
"3","m",39,0,2,7,"X","Cherb","died"
"3","m",17,1,1,7,"X","Cherb","died"
"3","m",15,1,1,7,"X","Cherb","died"
"3","m",47,0,0,7,"X","South","died"
"3","f",5,0,0,12,"X","South","surv"
"3","m",4,0,0,7,"X","Cherb","died"
"3","m",40,0,0,15,"X","South","died"
"3","m",40,0,0,7,"X","Queens","died"
"3","m",18,0,0,7,"X","South","surv"
"3","m",18,0,0,7,"X","South","died"
"3","f",44,0,0,7,"X","Queens","died"
"3","m",30,0,0,7,"X","Queens","died"
"3","m",3,0,0,6,"X","Queens","died"
"3","m",26,0,0,7,"X","Queens","died"
"3","m",2,0,0,7,"X","Queens","died"
"3","m",15,0,0,56,"X","South","surv"
"3","f",21,2,2,34,"X","South","died"
"3","f",9,2,2,34,"X","South","died"
"3","m",21,0,0,8,"X","South","died"
"3","m",18,2,2,34,"X","South","died"
"3","m",16,1,3,34,"X","South","died"
"3","f",48,1,3,34,"X","South","died"
"3","m",0,0,0,7,"X","Queens","died"
"3","m",21,0,0,7,"X","South","died"
"3","m",25,0,0,7,"X","Queens","died"
"3","m",17,0,0,14,"X","South","died"
"3","m",4,0,0,7,"X","Cherb","died"
"3","m",22,0,0,8,"X","South","died"
"3","f",16,0,0,7,"X","Queens","surv"
"3","f",0,0,0,7,"X","Queens","surv"
"3","m",9,0,2,20,"X","South","surv"
"3","m",33,1,1,20,"X","South","died"
"3","m",41,0,0,7,"X","South","died"
"3","f",31,1,1,20,"X","South","surv"
"3","m",38,0,0,7,"X","South","died"
"3","m",9,5,2,46,"X","South","died"
"3","m",1,5,2,46,"X","South","died"
"3","m",11,5,2,46,"X","South","died"
"3","f",10,5,2,46,"X","South","died"
"3","f",16,5,2,46,"X","South","died"
"3","m",14,5,2,46,"X","South","died"
"3","m",40,1,6,46,"X","South","died"
"3","f",43,1,6,46,"X","South","died"
"3","m",51,0,0,8,"X","South","died"
"3","m",32,0,0,8,"X","South","died"
"3","m",18,0,0,8,"X","South","died"
"3","m",20,0,0,9,"X","South","died"
"3","m",37,2,0,7,"X","South","died"
"3","m",28,2,0,7,"X","South","died"
"3","m",19,0,0,7,"X","South","died"
"3","f",24,0,0,8,"X","South","died"
"3","f",17,0,0,7,"X","Queens","died"
"3","m",36,1,0,19,"X","South","died"
"3","m",36,1,0,19,"X","South","died"
"3","m",28,1,0,15,"X","South","died"
"3","f",24,1,0,15,"X","South","surv"
"3","m",20,0,0,9,"X","South","died"
"3","m",23,0,0,7,"X","Cherb","died"
"3","m",41,2,0,14,"X","South","died"
"3","m",26,1,0,7,"X","South","died"
"3","m",21,0,0,7,"X","South","died"
"3","f",45,1,0,14,"X","South","surv"
"3","f",40,0,0,7,"X","South","died"
"3","m",25,0,0,7,"X","South","died"
"3","m",0,0,0,6,"X","Queens","died"
"3","m",11,0,0,18,"X","Cherb","died"
"3","f",42,0,0,7,"X","Queens","surv"
"3","m",27,0,0,6,"X","South","surv"
"3","m",22,0,0,56,"X","South","surv"
"3","f",18,0,0,6,"X","Queens","died"
"3","f",26,0,0,7,"X","South","surv"
"3","f",23,0,0,7,"X","South","died"
"3","f",22,0,0,8,"X","South","surv"
"3","m",28,0,0,7,"X","South","died"
"3","f",28,0,0,7,"X","South","died"
"3","f",0,0,0,7,"X","Queens","died"
"3","f",2,0,1,12,"X","South","surv"
"3","f",22,1,1,12,"X","South","surv"
"3","m",43,0,0,6,"X","South","died"
"3","m",28,0,0,22,"X","South","died"
"3","f",27,0,0,7,"X","South","surv"
"3","m",3,0,0,7,"X","Queens","died"
"3","f",2,0,0,8,"X","South","surv"
"3","m",42,0,0,7,"F","South","died"
"3","m",17,0,0,7,"X","South","surv"
"3","m",30,0,0,7,"X","Cherb","died"
"3","m",18,0,0,7,"X","South","died"
"3","f",27,1,0,7,"X","South","died"
"3","f",25,1,0,7,"X","South","died"
"3","m",21,0,0,7,"X","South","died"
"3","m",29,0,0,7,"X","Cherb","surv"
"3","m",21,0,0,7,"X","South","surv"
"3","m",21,0,0,7,"X","South","died"
"3","m",20,0,0,7,"X","South","died"
"3","m",48,0,0,7,"X","South","died"
"3","m",17,1,0,7,"X","South","died"
"3","f",42,0,0,7,"X","Queens","surv"
"3","m",17,0,0,8,"X","South","surv"
"3","m",34,0,0,6,"X","South","died"
"3","m",26,0,0,7,"X","South","surv"
"3","m",22,0,0,7,"X","South","died"
"3","m",33,0,0,8,"X","South","died"
"3","m",31,0,0,7,"X","South","died"
"3","m",29,0,0,7,"X","South","died"
"3","m",4,1,1,11,"X","South","surv"
"3","f",1,1,1,11,"X","South","surv"
"3","m",49,0,0,0,"X","South","died"
"3","m",33,0,0,7,"X","South","died"
"3","m",19,0,0,0,"X","South","died"
"3","f",27,0,2,11,"X","South","surv"
"3","m",26,1,2,23,"X","South","died"
"3","f",26,1,2,23,"X","South","died"
"3","m",22,1,2,23,"X","South","died"
"3","f",12,1,2,23,"X","South","died"
"3","m",23,0,0,7,"X","South","died"
"3","m",32,0,0,7,"X","South","surv"
"3","m",27,0,0,7,"X","South","died"
"3","f",20,1,0,9,"X","South","died"
"3","f",21,1,0,9,"X","South","died"
"3","m",32,0,0,7,"X","South","surv"
"3","m",17,0,0,7,"X","South","died"
"3","m",21,0,0,8,"X","South","died"
"3","m",30,0,0,7,"X","South","died"
"3","m",21,0,0,7,"X","South","surv"
"3","m",33,0,0,7,"X","South","died"
"3","m",22,0,0,7,"X","South","died"
"3","f",4,0,1,13,"X","Cherb","surv"
"3","m",39,0,1,13,"X","Cherb","surv"
"3","m",4,0,0,7,"X","Cherb","died"
"3","m",18,0,0,7,"X","Cherb","died"
"3","m",0,0,0,7,"X","Queens","died"
"3","m",30,0,0,7,"X","South","died"
"3","f",0,0,0,7,"X","Queens","surv"
"3","f",0,0,0,7,"X","Queens","surv"
"3","m",34,0,0,7,"X","Queens","died"
"3","m",44,0,0,8,"X","South","died"
"3","m",0,0,0,7,"X","Queens","surv"
"3","m",22,1,0,14,"X","Cherb","died"
"3","f",3,1,0,14,"X","Cherb","died"
"3","m",18,1,0,7,"X","Queens","died"
"3","m",18,1,0,7,"X","Queens","died"
"3","m",0,0,0,7,"X","Queens","died"
"3","f",22,2,0,8,"X","South","died"
"3","m",26,2,0,8,"X","South","died"
"3","f",4,0,2,22,"X","South","surv"
"3","m",29,3,1,22,"X","South","surv"
"3","f",26,1,1,22,"X","South","surv"
"3","f",1,1,1,12,"X","South","died"
"3","m",18,1,1,7,"X","South","died"
"3","f",36,0,2,12,"X","South","died"
"3","m",2,0,0,7,"X","Cherb","died"
"3","m",25,0,0,7,"F","Cherb","surv"
"3","m",18,0,0,7,"X","Cherb","died"
"3","f",37,0,0,9,"X","South","died"
"3","m",21,0,0,7,"X","South","died"
"3","m",22,0,0,56,"X","South","surv"
"3","m",22,0,0,56,"X","South","died"
"3","f",22,0,0,7,"X","South","surv"
"3","m",2,0,0,7,"X","Queens","died"
"3","m",26,0,0,56,"X","South","surv"
"3","m",29,0,0,9,"X","South","died"
"3","m",29,0,0,7,"X","South","died"
"3","m",22,0,0,7,"X","South","died"
"3","m",22,0,0,7,"X","Cherb","surv"
"3","m",21,3,1,25,"X","South","died"
"3","f",12,3,1,25,"X","South","died"
"3","f",0,3,1,25,"X","South","died"
"3","f",5,3,1,25,"X","South","died"
"3","f",39,0,4,25,"X","South","died"
"3","m",32,0,0,7,"X","South","died"
"3","m",34,0,0,6,"X","Cherb","died"
"3","f",36,1,0,15,"X","Queens","died"
"3","m",20,1,0,15,"X","Queens","died"
"3","m",36,0,0,0,"X","South","died"
"3","m",39,0,0,24,"X","South","died"
"3","m",24,0,0,9,"X","South","died"
"3","f",25,0,0,7,"X","South","died"
"3","f",45,0,0,7,"X","South","died"
"3","m",36,1,0,15,"X","South","died"
"3","f",30,1,0,15,"X","South","died"
"3","m",20,1,0,7,"X","South","surv"
"3","m",2,0,0,7,"X","Queens","died"
"3","m",28,0,0,56,"X","South","died"
"3","m",18,0,0,7,"X","South","died"
"3","m",30,1,0,16,"X","South","died"
"3","f",26,1,0,16,"X","South","died"
"3","m",21,0,0,7,"X","South","died"
"3","m",20,0,0,7,"X","South","died"
"3","m",27,0,0,8,"X","South","surv"
"3","m",51,0,0,7,"X","South","died"
"3","f",23,0,0,7,"X","South","surv"
"3","m",32,0,0,7,"X","South","surv"
"3","m",21,0,0,7,"X","South","died"
"3","m",18,0,0,7,"X","South","died"
"3","f",17,0,0,7,"X","Queens","surv"
"3","m",24,0,0,7,"X","South","surv"
"3","m",22,0,0,7,"X","South","died"
"3","f",0,0,0,7,"X","Queens","died"
"3","m",0,0,0,7,"X","Queens","died"
"3","m",21,0,0,8,"X","South","died"
"3","m",29,0,0,7,"X","South","died"
"3","m",26,0,0,7,"X","Cherb","surv"
"3","f",30,0,0,7,"X","Queens","died"
"3","f",44,0,0,7,"X","Queens","surv"
"3","m",4,0,0,7,"F","Cherb","died"
"3","m",35,0,0,7,"X","Cherb","died"
"3","m",33,0,0,7,"X","South","died"
"3","f",2,0,0,7,"X","Cherb","surv"
"3","m",4,0,0,7,"X","Cherb","died"
"3","f",9,0,0,7,"X","Queens","surv"
"3","m",3,0,0,7,"X","Queens","surv"
"3","f",25,2,0,23,"X","Queens","surv"
"3","f",25,2,0,23,"X","Queens","surv"
"3","m",26,2,0,23,"X","Queens","surv"
"3","f",17,0,0,7,"X","Queens","surv"
"3","m",19,0,0,15,"X","Queens","died"
"3","f",0,0,0,7,"X","Queens","surv"
"3","f",15,0,0,8,"X","Queens","surv"
"3","f",35,0,0,7,"X","Queens","died"
"3","m",3,0,0,7,"X","Queens","died"
"3","m",24,1,0,16,"X","South","died"
"3","f",19,1,0,16,"X","South","died"
"3","f",17,0,0,7,"X","Queens","died"
"3","f",18,0,0,8,"X","South","died"
"3","f",2,0,0,8,"X","South","died"
"3","m",55,0,0,8,"X","South","died"
"3","m",3,0,0,7,"X","Queens","died"
"3","m",21,0,0,7,"X","South","surv"
"3","m",17,0,0,8,"X","South","died"
"3","m",24,0,0,7,"X","South","died"
"3","m",21,0,0,7,"X","South","died"
"3","m",28,0,0,7,"X","South","died"
"3","m",17,0,0,7,"X","South","died"
"3","f",9,0,0,7,"X","Queens","surv"
"3","m",25,0,0,7,"F","South","died"
"3","m",6,0,1,12,"E","South","surv"
"3","f",27,0,1,12,"E","South","surv"
"3","m",21,0,0,8,"X","South","died"
"3","f",36,1,0,24,"X","Queens","surv"
"3","m",11,1,0,24,"X","Queens","died"
"3","m",0,0,0,8,"X","Queens","died"
"3","m",34,0,0,8,"X","South","died"
"3","m",2,0,0,7,"X","Queens","died"
"3","m",18,0,0,7,"X","South","surv"
"3","m",4,1,1,15,"X","Cherb","surv"
"3","m",40,1,1,15,"X","Cherb","surv"
"3","f",24,0,2,15,"X","Cherb","surv"
"3","f",17,0,0,7,"X","Cherb","surv"
"3","m",30,0,0,8,"X","South","died"
"3","f",42,0,0,7,"X","Queens","surv"
"3","f",24,0,0,7,"X","Queens","surv"
"3","m",18,0,0,8,"X","South","died"
"3","f",33,1,0,15,"X","Queens","surv"
"3","f",33,1,0,15,"X","Queens","surv"
"3","f",44,0,0,15,"X","Queens","surv"
"3","m",18,0,0,7,"X","South","died"
"3","m",22,0,0,7,"X","South","died"
"3","f",15,0,0,7,"X","Cherb","surv"
"3","f",1,0,2,15,"X","Cherb","surv"
"3","m",20,1,1,15,"X","Cherb","surv"
"3","f",19,1,1,15,"X","Cherb","surv"
"3","m",33,0,0,8,"X","South","died"
"3","m",30,0,0,7,"X","South","died"
"3","m",2,0,0,7,"X","Cherb","died"
"3","f",0,0,0,7,"X","Queens","died"
"3","m",18,0,0,7,"X","South","died"
"3","m",12,1,0,11,"X","Cherb","surv"
"3","f",14,1,0,11,"X","Cherb","surv"
"3","f",29,0,0,7,"X","South","died"
"3","m",28,0,0,8,"X","South","died"
"3","f",18,0,0,7,"X","South","surv"
"3","f",26,0,0,7,"X","South","surv"
"3","m",21,0,0,7,"X","South","died"
"3","m",41,0,0,7,"X","South","died"
"3","m",39,0,0,7,"X","South","surv"
"3","m",21,0,0,7,"X","South","died"
"3","m",28,0,0,7,"X","Cherb","died"
"3","f",22,0,0,7,"X","South","surv"
"3","m",61,0,0,6,"X","South","died"
"3","m",28,1,0,15,"X","Queens","died"
"3","m",0,0,0,7,"X","Queens","died"
"3","f",36,1,0,15,"X","Queens","surv"
"3","m",2,0,0,7,"X","Queens","died"
"3","m",2,0,0,7,"X","Queens","died"
"3","m",0,0,0,7,"X","Queens","died"
"3","m",23,0,0,9,"X","South","died"
"3","f",44,0,0,7,"X","Queens","died"
"3","f",0,0,0,7,"X","Queens","surv"
"3","f",42,0,0,7,"X","Queens","surv"
"3","f",22,0,0,7,"X","South","surv"
"3","m",0,0,0,7,"X","Queens","surv"
"3","f",17,0,0,7,"X","Queens","surv"
"3","m",9,0,1,3,"X","South","surv"
"3","m",28,0,0,22,"X","South","died"
"3","m",42,0,1,8,"X","South","died"
"3","m",21,0,0,7,"X","South","died"
"3","f",31,0,0,7,"X","South","died"
"3","m",28,0,0,7,"X","South","died"
"3","m",32,0,0,7,"X","South","surv"
"3","m",20,0,0,9,"X","South","died"
"3","f",23,0,0,8,"X","South","died"
"3","f",20,0,0,8,"X","South","died"
"3","m",20,0,0,8,"X","South","died"
"3","m",16,0,0,9,"X","South","died"
"3","f",31,0,0,8,"X","South","surv"
"3","f",17,0,0,7,"X","Queens","died"
"3","m",2,3,1,21,"X","South","died"
"3","m",6,3,1,21,"X","South","died"
"3","f",3,3,1,21,"X","South","died"
"3","f",8,3,1,21,"X","South","died"
"3","f",29,0,4,21,"X","South","died"
"3","m",1,4,1,39,"X","South","died"
"3","m",7,4,1,39,"X","South","died"
"3","m",2,4,1,39,"X","South","died"
"3","m",16,4,1,39,"X","South","died"
"3","m",14,4,1,39,"X","South","died"
"3","f",41,0,5,39,"X","South","died"
"3","m",21,0,0,8,"X","South","died"
"3","m",19,0,0,14,"X","South","died"
"3","m",4,0,0,8,"X","Cherb","died"
"3","m",32,0,0,7,"X","South","died"
"3","m",0,1,1,13,"X","South","died"
"3","f",3,1,1,13,"X","South","died"
"3","f",26,0,2,13,"X","South","died"
"3","m",17,0,0,7,"X","South","died"
"3","m",21,0,0,7,"X","South","died"
"3","m",21,0,0,8,"X","South","died"
"3","m",21,0,0,7,"X","South","died"
"3","m",25,0,0,7,"X","South","died"
"3","m",22,0,0,7,"X","South","died"
"3","m",25,1,0,7,"X","South","surv"
"3","m",40,1,1,22,"X","Cherb","surv"
"3","f",17,1,1,22,"F","Cherb","surv"
"3","f",26,0,2,22,"X","Cherb","surv"
"3","f",42,0,0,8,"X","Queens","died"
"3","m",24,0,0,8,"X","South","died"
"3","f",28,0,0,7,"X","South","died"
"3","m",19,0,0,7,"X","South","died"
"3","m",21,0,0,7,"X","South","died"
"3","m",25,1,0,7,"X","South","died"
"3","f",18,0,0,7,"X","South","died"
"3","m",32,0,0,8,"E","South","surv"
"3","m",17,0,0,7,"X","South","died"
"3","m",17,0,0,8,"X","South","died"
"3","m",24,0,0,8,"X","South","died"
"3","m",17,0,0,7,"X","South","died"
"3","f",18,0,0,8,"X","South","died"
"3","m",31,0,0,7,"X","Cherb","died"
"3","m",17,0,0,7,"X","South","died"
"3","m",38,0,0,7,"X","South","died"
"3","m",21,0,0,8,"X","South","died"
"3","m",10,4,1,29,"X","Queens","died"
"3","m",4,4,1,29,"X","Queens","died"
"3","m",7,4,1,29,"X","Queens","died"
"3","m",2,4,1,29,"X","Queens","died"
"3","m",8,4,1,29,"X","Queens","died"
"3","f",39,0,5,29,"X","Queens","died"
"3","f",22,0,0,39,"X","South","died"
"3","m",35,0,0,7,"X","South","died"
"3","f",17,0,0,7,"X","Queens","surv"
"3","m",17,0,0,14,"X","South","died"
"3","f",18,0,0,14,"X","South","died"
"3","m",50,1,0,14,"X","South","died"
"3","f",47,1,0,14,"X","South","died"
"3","m",30,0,0,8,"X","South","died"
"3","m",18,0,0,7,"X","South","died"
"3","f",2,1,1,20,"X","South","died"
"3","m",18,1,1,20,"X","South","died"
"3","f",41,0,2,20,"X","South","died"
"3","f",2,0,0,8,"X","South","surv"
"3","m",50,0,0,8,"X","South","died"
"3","m",16,0,0,8,"X","South","died"
"3","m",3,0,0,7,"X","Queens","surv"
"3","m",19,0,0,24,"X","Queens","died"
"3","m",4,0,0,7,"X","Cherb","died"
"3","m",25,0,0,7,"X","Cherb","died"
"3","m",26,0,0,7,"X","Cherb","died"
"3","m",0,0,0,7,"X","Queens","died"
"3","m",17,0,0,7,"X","South","died"
"3","m",38,0,0,7,"X","South","died"
"3","m",16,8,2,69,"X","South","died"
"3","m",14,8,2,69,"X","South","died"
"3","f",14,8,2,69,"X","South","died"
"3","f",1,8,2,69,"X","South","died"
"3","f",9,8,2,69,"X","South","died"
"3","f",16,8,2,69,"X","South","died"
"3","m",9,8,2,69,"X","South","died"
"3","m",9,8,2,69,"X","South","died"
"3","m",10,8,2,69,"X","South","died"
"3","m",14,1,9,69,"X","South","died"
"3","f",21,1,9,69,"X","South","died"
"3","m",24,0,0,9,"X","South","died"
"3","f",21,0,0,7,"X","South","surv"
"3","m",39,0,0,7,"X","South","died"
"3","m",45,2,0,21,"X","Cherb","died"
"3","m",45,2,0,21,"X","Cherb","died"
"3","m",14,2,0,21,"X","Cherb","died"
"3","f",1,1,1,16,"G","South","surv"
"3","f",24,0,2,16,"G","South","surv"
"3","f",4,1,1,16,"G","South","surv"
"3","m",25,0,0,9,"X","South","surv"
"3","m",20,0,0,8,"X","South","died"
"3","m",24,0,0,8,"X","South","died"
"3","m",3,0,0,7,"X","Queens","died"
"3","m",18,0,0,7,"X","South","died"
"3","m",2,0,0,7,"X","Queens","died"
"3","m",29,0,0,9,"X","South","surv"
"3","m",18,0,0,15,"X","South","died"
"3","f",0,0,0,7,"X","Queens","surv"
"3","m",18,0,0,8,"X","South","died"
"3","m",17,0,0,8,"X","South","died"
"3","m",22,0,0,7,"X","Cherb","died"
"3","m",30,0,0,8,"X","South","died"
"3","m",40,0,0,7,"X","South","died"
"3","m",21,0,0,7,"X","South","died"
"3","f",18,0,0,7,"X","South","surv"
"3","m",4,3,2,27,"X","South","died"
"3","m",10,3,2,27,"X","South","died"
"3","f",9,3,2,27,"X","South","died"
"3","f",2,3,2,27,"X","South","died"
"3","m",40,1,4,27,"X","South","died"
"3","f",45,1,4,27,"X","South","died"
"3","m",30,0,0,7,"X","South","died"
"3","m",18,0,0,8,"X","South","died"
"3","m",21,0,0,8,"X","South","died"
"3","m",3,0,0,7,"X","Queens","died"
"3","f",9,0,0,7,"X","Queens","surv"
"3","m",19,0,0,7,"F","South","died"
"3","m",30,0,0,8,"X","South","died"
"3","m",21,0,0,8,"X","South","died"
"3","m",32,0,0,8,"X","South","died"
"3","m",18,0,0,7,"X","South","died"
"3","m",33,0,0,8,"X","Cherb","died"
"3","f",23,0,0,7,"X","South","surv"
"3","m",21,0,0,8,"X","South","died"
"3","m",60,0,0,8,"X","South","died"
"3","m",19,0,0,7,"X","South","died"
"3","f",22,0,0,9,"X","South","died"
"3","m",31,0,0,7,"X","South","surv"
"3","m",27,0,0,8,"X","South","died"
"3","f",2,0,1,10,"G","South","died"
"3","f",29,1,1,10,"G","South","died"
"3","m",16,0,0,8,"X","South","surv"
"3","m",44,0,0,7,"X","South","surv"
"3","m",25,0,0,7,"X","South","died"
"3","m",74,0,0,7,"X","South","died"
"3","m",14,0,0,9,"X","South","surv"
"3","m",24,0,0,7,"X","South","died"
"3","m",25,0,0,7,"X","South","surv"
"3","m",34,0,0,8,"X","South","died"
"3","m",0,0,1,8,"X","Cherb","surv"
"3","m",3,1,0,6,"X","Cherb","died"
"3","m",31,0,0,6,"X","Cherb","died"
"3","m",4,0,0,7,"X","Cherb","died"
"3","f",16,1,1,8,"X","Cherb","surv"
"3","m",30,0,0,8,"X","South","died"
"3","m",36,1,0,16,"X","South","died"
"3","f",3,1,0,16,"X","South","surv"
"3","m",32,0,0,7,"X","South","died"
"3","m",16,0,0,7,"F","Queens","died"
"3","m",30,0,0,7,"X","South","died"
"3","m",30,0,0,8,"X","South","died"
"3","m",44,0,0,8,"X","South","died"
"3","m",2,0,0,7,"X","Cherb","died"
"3","m",25,0,0,0,"X","South","surv"
"3","m",4,0,0,7,"X","Cherb","died"
"3","m",7,1,1,15,"X","Cherb","surv"
"3","f",9,1,1,15,"X","Cherb","surv"
"3","f",29,0,2,15,"X","Cherb","surv"
"3","m",36,0,0,7,"X","South","died"
"3","f",18,0,0,9,"X","South","surv"
"3","f",63,0,0,9,"X","South","surv"
"3","m",36,1,1,14,"X","South","died"
"3","m",11,1,1,14,"X","South","died"
"3","m",40,0,2,14,"X","South","died"
"3","f",10,0,2,24,"X","South","died"
"3","m",36,1,1,24,"X","South","died"
"3","f",30,1,1,24,"X","South","died"
"3","m",18,0,0,9,"X","South","died"
"3","m",33,0,0,9,"X","South","died"
"3","m",28,0,0,9,"X","South","died"
"3","m",28,0,0,9,"X","South","died"
"3","m",47,0,0,9,"X","South","died"
"3","f",18,2,0,18,"X","South","died"
"3","m",31,3,0,18,"X","South","died"
"3","m",16,2,0,18,"X","South","died"
"3","f",31,1,0,18,"X","South","died"
"3","m",22,0,0,7,"X","Cherb","surv"
"3","m",20,0,0,7,"X","South","died"
"3","f",14,0,0,7,"X","South","died"
"3","m",22,0,0,7,"X","South","died"
"3","m",22,0,0,9,"X","South","died"
"3","m",18,0,0,8,"X","South","died"
"3","m",17,0,0,7,"X","South","died"
"3","m",18,0,0,8,"X","South","died"
"3","m",32,0,0,9,"X","South","died"
"3","f",38,0,0,7,"X","Cherb","surv"
"3","m",51,0,0,7,"X","South","died"
"3","m",18,1,0,6,"X","South","died"
"3","m",21,1,0,6,"X","South","died"
"3","f",47,1,0,7,"X","South","surv"
"3","m",17,0,0,8,"X","South","died"
"3","m",18,0,0,7,"X","South","died"
"3","m",17,0,0,8,"X","South","died"
"3","m",28,0,0,16,"X","South","died"
"3","m",21,0,0,7,"X","South","died"
"3","m",27,0,0,8,"X","South","died"
"3","m",30,0,0,7,"X","South","died"
"3","m",36,0,0,9,"X","South","died"
"3","m",27,1,0,14,"X","Cherb","died"
"3","f",15,1,0,14,"X","Cherb","surv"
"3","m",45,0,0,7,"X","Cherb","died"
"3","m",4,0,0,7,"X","Cherb","died"
"3","m",2,0,0,14,"X","Cherb","died"
"3","f",14,1,0,14,"X","Cherb","died"
"3","f",2,1,0,14,"X","Cherb","died"
"3","m",26,0,0,7,"X","Cherb","died"
"3","m",27,0,0,7,"X","Cherb","died"
"3","m",29,0,0,7,"X","South","died"
